epoch,loss,val_loss
0,29.586825370788574,49.774439031427555
0,27.688660621643066,34.644472526781485
0,30.897414207458496,47.7540107495857
