epoch,loss,val_loss
0,31.541234970092773,141.36073303222656
